image_path,label,specimen,split
Dataset3/0210010231111001_31-rectangle.jpg,1001,1001023,train
Dataset3/0210010231111002_32-rectangle.jpg,1001,1001023,train
Dataset3/0210010231111003_33-rectangle.jpg,1001,1001023,train
Dataset3/0210010231111004_34-rectangle.jpg,1001,1001023,train
Dataset3/0210010231111005_35-rectangle.jpg,1001,1001023,train
Dataset3/0210010231111006_36-rectangle.jpg,1001,1001023,train
Dataset3/0210010231111007_37-rectangle.jpg,1001,1001023,train
Dataset3/0210010231111008_38-rectangle.jpg,1001,1001023,train
Dataset3/0210010231111009_39-rectangle.jpg,1001,1001023,train
Dataset3/0210010231111010_40-rectangle.jpg,1001,1001023,train
Dataset3/0210010261111001_41-rectangle.jpg,1001,1001026,train
Dataset3/0210010261111002_42-rectangle.jpg,1001,1001026,train
Dataset3/0210010261111003_43-rectangle.jpg,1001,1001026,train
Dataset3/0210010261111004_44-rectangle.jpg,1001,1001026,train
Dataset3/0210010261111005_45-rectangle.jpg,1001,1001026,train
Dataset3/0210010261111006_46-rectangle.jpg,1001,1001026,train
Dataset3/0210010261111007_47-rectangle.jpg,1001,1001026,train
Dataset3/0210010261111008_48-rectangle.jpg,1001,1001026,train
Dataset3/0210010261111009_49-rectangle.jpg,1001,1001026,train
Dataset3/0210010261111010_50-rectangle.jpg,1001,1001026,train
Dataset3/0210010271111001_51-rectangle.jpg,1001,1001027,val
Dataset3/0210010271111002_52-rectangle.jpg,1001,1001027,val
Dataset3/0210010271111003_53-rectangle.jpg,1001,1001027,val
Dataset3/0210010271111004_54-rectangle.jpg,1001,1001027,val
Dataset3/0210010271111005_55-rectangle.jpg,1001,1001027,val
Dataset3/0210010271111006_56-rectangle.jpg,1001,1001027,val
Dataset3/0210010271111007_57-rectangle.jpg,1001,1001027,val
Dataset3/0210010271111008_58-rectangle.jpg,1001,1001027,val
Dataset3/0210010271111009_59-rectangle.jpg,1001,1001027,val
Dataset3/0210010271111010_60-rectangle.jpg,1001,1001027,val
Dataset3/0210010381111001_81-rectangle.jpg,1001,1001038,train
Dataset3/0210010381111002_82-rectangle.jpg,1001,1001038,train
Dataset3/0210010381111003_83-rectangle.jpg,1001,1001038,train
Dataset3/0210010381111004_84-rectangle.jpg,1001,1001038,train
Dataset3/0210010381111005_85-rectangle.jpg,1001,1001038,train
Dataset3/0210010381111006_86-rectangle.jpg,1001,1001038,train
Dataset3/0210010381111007_87-rectangle.jpg,1001,1001038,train
Dataset3/0210010381111008_88-rectangle.jpg,1001,1001038,train
Dataset3/0210010381111009_89-rectangle.jpg,1001,1001038,train
Dataset3/0210010381111010_90-rectangle.jpg,1001,1001038,train
Dataset3/0210010391111001_91-rectangle.jpg,1001,1001039,val
Dataset3/0210010391111002_92-rectangle.jpg,1001,1001039,val
Dataset3/0210010391111003_93-rectangle.jpg,1001,1001039,val
Dataset3/0210010391111004_94-rectangle.jpg,1001,1001039,val
Dataset3/0210010391111005_95-rectangle.jpg,1001,1001039,val
Dataset3/0210010391111006_96-rectangle.jpg,1001,1001039,val
Dataset3/0210010391111007_97-rectangle.jpg,1001,1001039,val
Dataset3/0210010391111008_98-rectangle.jpg,1001,1001039,val
Dataset3/0210010391111009_99-rectangle.jpg,1001,1001039,val
Dataset3/0210010391111010_100-rectangle.jpg,1001,1001039,val
Dataset3/0210010401111001_101-rectangle.jpg,1001,1001040,train
Dataset3/0210010401111002_102-rectangle.jpg,1001,1001040,train
Dataset3/0210010401111003_103-rectangle.jpg,1001,1001040,train
Dataset3/0210010401111004_104-rectangle.jpg,1001,1001040,train
Dataset3/0210010401111005_105-rectangle.jpg,1001,1001040,train
Dataset3/0210010401111006_106-rectangle.jpg,1001,1001040,train
Dataset3/0210010401111007_107-rectangle.jpg,1001,1001040,train
Dataset3/0210010401111008_108-rectangle.jpg,1001,1001040,train
Dataset3/0210010401111009_109-rectangle.jpg,1001,1001040,train
Dataset3/0210010401111010_110-rectangle.jpg,1001,1001040,train
Dataset3/0210010431111001_111-rectangle.jpg,1001,1001043,train
Dataset3/0210010431111002_112-rectangle.jpg,1001,1001043,train
Dataset3/0210010431111003_113-rectangle.jpg,1001,1001043,train
Dataset3/0210010431111004_114-rectangle.jpg,1001,1001043,train
Dataset3/0210010431111005_115-rectangle.jpg,1001,1001043,train
Dataset3/0210010431111006_116-rectangle.jpg,1001,1001043,train
Dataset3/0210010431111007_117-rectangle.jpg,1001,1001043,train
Dataset3/0210010431111008_118-rectangle.jpg,1001,1001043,train
Dataset3/0210010431111009_119-rectangle.jpg,1001,1001043,train
Dataset3/0210010431111010_120-rectangle.jpg,1001,1001043,train
Dataset3/0210010481111001_121-rectangle.jpg,1001,1001048,train
Dataset3/0210010481111002_122-rectangle.jpg,1001,1001048,train
Dataset3/0210010481111003_123-rectangle.jpg,1001,1001048,train
Dataset3/0210010481111004_124-rectangle.jpg,1001,1001048,train
Dataset3/0210010481111005_125-rectangle.jpg,1001,1001048,train
Dataset3/0210010481111006_126-rectangle.jpg,1001,1001048,train
Dataset3/0210010481111007_127-rectangle.jpg,1001,1001048,train
Dataset3/0210010481111008_128-rectangle.jpg,1001,1001048,train
Dataset3/0210010481111009_129-rectangle.jpg,1001,1001048,train
Dataset3/0210010481111010_130-rectangle.jpg,1001,1001048,train
Dataset3/0210010591111001_141-rectangle.jpg,1001,1001059,val
Dataset3/0210010591111002_142-rectangle.jpg,1001,1001059,val
Dataset3/0210010591111003_143-rectangle.jpg,1001,1001059,val
Dataset3/0210010591111004_144-rectangle.jpg,1001,1001059,val
Dataset3/0210010591111005_145-rectangle.jpg,1001,1001059,val
Dataset3/0210010591111006_146-rectangle.jpg,1001,1001059,val
Dataset3/0210010591111007_147-rectangle.jpg,1001,1001059,val
Dataset3/0210010591111008_148-rectangle.jpg,1001,1001059,val
Dataset3/0210010591111009_149-rectangle.jpg,1001,1001059,val
Dataset3/0210010591111010_150-rectangle.jpg,1001,1001059,val
Dataset3/0210015001111001_151-rectangle.jpg,1001,1001500,val
Dataset3/0210015001111002_152-rectangle.jpg,1001,1001500,val
Dataset3/0210015001111003_153-rectangle.jpg,1001,1001500,val
Dataset3/0210015001111004_154-rectangle.jpg,1001,1001500,val
Dataset3/0210015001111005_155-rectangle.jpg,1001,1001500,val
Dataset3/0210015001111006_156-rectangle.jpg,1001,1001500,val
Dataset3/0210015001111007_157-rectangle.jpg,1001,1001500,val
Dataset3/0210015001111008_158-rectangle.jpg,1001,1001500,val
Dataset3/0210015001111009_159-rectangle.jpg,1001,1001500,val
Dataset3/0210015001111010_160-rectangle.jpg,1001,1001500,val
Dataset3/0210015011111001_161-rectangle.jpg,1001,1001501,train
Dataset3/0210015011111002_162-rectangle.jpg,1001,1001501,train
Dataset3/0210015011111003_163-rectangle.jpg,1001,1001501,train
Dataset3/0210015011111004_164-rectangle.jpg,1001,1001501,train
Dataset3/0210015011111005_165-rectangle.jpg,1001,1001501,train
Dataset3/0210015011111006_166-rectangle.jpg,1001,1001501,train
Dataset3/0210015011111007_167-rectangle.jpg,1001,1001501,train
Dataset3/0210015011111008_168-rectangle.jpg,1001,1001501,train
Dataset3/0210015011111009_169-rectangle.jpg,1001,1001501,train
Dataset3/0210015011111010_170-rectangle.jpg,1001,1001501,train
Dataset3/0210015031111001_181-rectangle.jpg,1001,1001503,train
Dataset3/0210015031111002_182-rectangle.jpg,1001,1001503,train
Dataset3/0210015031111003_183-rectangle.jpg,1001,1001503,train
Dataset3/0210015031111004_184-rectangle.jpg,1001,1001503,train
Dataset3/0210015031111005_185-rectangle.jpg,1001,1001503,train
Dataset3/0210015031111006_186-rectangle.jpg,1001,1001503,train
Dataset3/0210015031111007_187-rectangle.jpg,1001,1001503,train
Dataset3/0210015031111008_188-rectangle.jpg,1001,1001503,train
Dataset3/0210015031111009_189-rectangle.jpg,1001,1001503,train
Dataset3/0210015031111010_190-rectangle.jpg,1001,1001503,train
Dataset3/0210015051111001_201-rectangle.jpg,1001,1001505,train
Dataset3/0210015051111002_202-rectangle.jpg,1001,1001505,train
Dataset3/0210015051111003_203-rectangle.jpg,1001,1001505,train
Dataset3/0210015051111004_204-rectangle.jpg,1001,1001505,train
Dataset3/0210015051111005_205-rectangle.jpg,1001,1001505,train
Dataset3/0210015051111006_206-rectangle.jpg,1001,1001505,train
Dataset3/0210015051111007_207-rectangle.jpg,1001,1001505,train
Dataset3/0210015051111008_208-rectangle.jpg,1001,1001505,train
Dataset3/0210015051111009_209-rectangle.jpg,1001,1001505,train
Dataset3/0210015051111010_210-rectangle.jpg,1001,1001505,train
Dataset3/0210015071111001_221-rectangle.jpg,1001,1001507,train
Dataset3/0210015071111002_222-rectangle.jpg,1001,1001507,train
Dataset3/0210015071111003_223-rectangle.jpg,1001,1001507,train
Dataset3/0210015071111004_224-rectangle.jpg,1001,1001507,train
Dataset3/0210015071111005_225-rectangle.jpg,1001,1001507,train
Dataset3/0210015071111006_226-rectangle.jpg,1001,1001507,train
Dataset3/0210015071111007_227-rectangle.jpg,1001,1001507,train
Dataset3/0210015071111008_228-rectangle.jpg,1001,1001507,train
Dataset3/0210015071111009_229-rectangle.jpg,1001,1001507,train
Dataset3/0210015071111010_230-rectangle.jpg,1001,1001507,train
Dataset3/0210015091111001_241-rectangle.jpg,1001,1001509,train
Dataset3/0210015091111002_242-rectangle.jpg,1001,1001509,train
Dataset3/0210015091111003_243-rectangle.jpg,1001,1001509,train
Dataset3/0210015091111004_244-rectangle.jpg,1001,1001509,train
Dataset3/0210015091111005_245-rectangle.jpg,1001,1001509,train
Dataset3/0210015091111006_246-rectangle.jpg,1001,1001509,train
Dataset3/0210015091111007_247-rectangle.jpg,1001,1001509,train
Dataset3/0210015091111008_248-rectangle.jpg,1001,1001509,train
Dataset3/0210015091111009_249-rectangle.jpg,1001,1001509,train
Dataset3/0210015091111010_250-rectangle.jpg,1001,1001509,train
Dataset3/0210015101111001_251-rectangle.jpg,1001,1001510,train
Dataset3/0210015101111002_252-rectangle.jpg,1001,1001510,train
Dataset3/0210015101111003_253-rectangle.jpg,1001,1001510,train
Dataset3/0210015101111004_254-rectangle.jpg,1001,1001510,train
Dataset3/0210015101111005_255-rectangle.jpg,1001,1001510,train
Dataset3/0210015101111006_256-rectangle.jpg,1001,1001510,train
Dataset3/0210015101111007_257-rectangle.jpg,1001,1001510,train
Dataset3/0210015101111008_258-rectangle.jpg,1001,1001510,train
Dataset3/0210015101111009_259-rectangle.jpg,1001,1001510,train
Dataset3/0210015101111010_260-rectangle.jpg,1001,1001510,train
Dataset3/0210015131111001_281-rectangle.jpg,1001,1001513,train
Dataset3/0210015131111002_282-rectangle.jpg,1001,1001513,train
Dataset3/0210015131111003_283-rectangle.jpg,1001,1001513,train
Dataset3/0210015131111004_284-rectangle.jpg,1001,1001513,train
Dataset3/0210015131111005_285-rectangle.jpg,1001,1001513,train
Dataset3/0210015131111006_286-rectangle.jpg,1001,1001513,train
Dataset3/0210015131111007_287-rectangle.jpg,1001,1001513,train
Dataset3/0210015131111008_288-rectangle.jpg,1001,1001513,train
Dataset3/0210015131111009_289-rectangle.jpg,1001,1001513,train
Dataset3/0210015131111010_290-rectangle.jpg,1001,1001513,train
Dataset3/0210015141111001_291-rectangle.jpg,1001,1001514,train
Dataset3/0210015141111002_292-rectangle.jpg,1001,1001514,train
Dataset3/0210015141111003_293-rectangle.jpg,1001,1001514,train
Dataset3/0210015141111004_294-rectangle.jpg,1001,1001514,train
Dataset3/0210015141111005_295-rectangle.jpg,1001,1001514,train
Dataset3/0210015141111006_296-rectangle.jpg,1001,1001514,train
Dataset3/0210015141111007_297-rectangle.jpg,1001,1001514,train
Dataset3/0210015141111008_298-rectangle.jpg,1001,1001514,train
Dataset3/0210015141111009_299-rectangle.jpg,1001,1001514,train
Dataset3/0210015141111010_300-rectangle.jpg,1001,1001514,train
Dataset3/0210030621111001_341-rectangle.jpg,1003,1003062,train
Dataset3/0210030621111002_342-rectangle.jpg,1003,1003062,train
Dataset3/0210030621111003_343-rectangle.jpg,1003,1003062,train
Dataset3/0210030621111004_344-rectangle.jpg,1003,1003062,train
Dataset3/0210030621111005_345-rectangle.jpg,1003,1003062,train
Dataset3/0210030621111006_346-rectangle.jpg,1003,1003062,train
Dataset3/0210030621111007_347-rectangle.jpg,1003,1003062,train
Dataset3/0210030621111008_348-rectangle.jpg,1003,1003062,train
Dataset3/0210030621111009_349-rectangle.jpg,1003,1003062,train
Dataset3/0210030621111010_350-rectangle.jpg,1003,1003062,train
Dataset3/0210030791111001_361-rectangle.jpg,1003,1003079,train
Dataset3/0210030791111002_362-rectangle.jpg,1003,1003079,train
Dataset3/0210030791111003_363-rectangle.jpg,1003,1003079,train
Dataset3/0210030791111004_364-rectangle.jpg,1003,1003079,train
Dataset3/0210030791111005_365-rectangle.jpg,1003,1003079,train
Dataset3/0210030791111006_366-rectangle.jpg,1003,1003079,train
Dataset3/0210030791111007_367-rectangle.jpg,1003,1003079,train
Dataset3/0210030791111008_368-rectangle.jpg,1003,1003079,train
Dataset3/0210030791111009_369-rectangle.jpg,1003,1003079,train
Dataset3/0210030791111010_370-rectangle.jpg,1003,1003079,train
Dataset3/0210030901111001_401-rectangle.jpg,1003,1003090,val
Dataset3/0210030901111002_402-rectangle.jpg,1003,1003090,val
Dataset3/0210030901111003_403-rectangle.jpg,1003,1003090,val
Dataset3/0210030901111004_404-rectangle.jpg,1003,1003090,val
Dataset3/0210030901111005_405-rectangle.jpg,1003,1003090,val
Dataset3/0210030901111006_406-rectangle.jpg,1003,1003090,val
Dataset3/0210030901111007_407-rectangle.jpg,1003,1003090,val
Dataset3/0210030901111008_408-rectangle.jpg,1003,1003090,val
Dataset3/0210030901111009_409-rectangle.jpg,1003,1003090,val
Dataset3/0210030901111010_410-rectangle.jpg,1003,1003090,val
Dataset3/0210030911111001_411-rectangle.jpg,1003,1003091,val
Dataset3/0210030911111002_412-rectangle.jpg,1003,1003091,val
Dataset3/0210030911111003_413-rectangle.jpg,1003,1003091,val
Dataset3/0210030911111004_414-rectangle.jpg,1003,1003091,val
Dataset3/0210030911111005_415-rectangle.jpg,1003,1003091,val
Dataset3/0210030911111006_416-rectangle.jpg,1003,1003091,val
Dataset3/0210030911111007_417-rectangle.jpg,1003,1003091,val
Dataset3/0210030911111008_418-rectangle.jpg,1003,1003091,val
Dataset3/0210030911111009_419-rectangle.jpg,1003,1003091,val
Dataset3/0210030911111010_420-rectangle.jpg,1003,1003091,val
Dataset3/0210030921111001_421-rectangle.jpg,1003,1003092,train
Dataset3/0210030921111002_422-rectangle.jpg,1003,1003092,train
Dataset3/0210030921111003_423-rectangle.jpg,1003,1003092,train
Dataset3/0210030921111004_424-rectangle.jpg,1003,1003092,train
Dataset3/0210030921111005_425-rectangle.jpg,1003,1003092,train
Dataset3/0210030921111006_426-rectangle.jpg,1003,1003092,train
Dataset3/0210030921111007_427-rectangle.jpg,1003,1003092,train
Dataset3/0210030921111008_428-rectangle.jpg,1003,1003092,train
Dataset3/0210030921111009_429-rectangle.jpg,1003,1003092,train
Dataset3/0210030921111010_430-rectangle.jpg,1003,1003092,train
Dataset3/0210031311111001_441-rectangle.jpg,1003,1003131,train
Dataset3/0210031311111002_442-rectangle.jpg,1003,1003131,train
Dataset3/0210031311111003_443-rectangle.jpg,1003,1003131,train
Dataset3/0210031311111004_444-rectangle.jpg,1003,1003131,train
Dataset3/0210031311111005_445-rectangle.jpg,1003,1003131,train
Dataset3/0210031311111006_446-rectangle.jpg,1003,1003131,train
Dataset3/0210031311111007_447-rectangle.jpg,1003,1003131,train
Dataset3/0210031311111008_448-rectangle.jpg,1003,1003131,train
Dataset3/0210031311111009_449-rectangle.jpg,1003,1003131,train
Dataset3/0210031311111010_450-rectangle.jpg,1003,1003131,train
Dataset3/0210035001111001_451-rectangle.jpg,1003,1003500,train
Dataset3/0210035001111002_452-rectangle.jpg,1003,1003500,train
Dataset3/0210035001111003_453-rectangle.jpg,1003,1003500,train
Dataset3/0210035001111004_454-rectangle.jpg,1003,1003500,train
Dataset3/0210035001111005_455-rectangle.jpg,1003,1003500,train
Dataset3/0210035001111006_456-rectangle.jpg,1003,1003500,train
Dataset3/0210035001111007_457-rectangle.jpg,1003,1003500,train
Dataset3/0210035001111008_458-rectangle.jpg,1003,1003500,train
Dataset3/0210035001111009_459-rectangle.jpg,1003,1003500,train
Dataset3/0210035001111010_460-rectangle.jpg,1003,1003500,train
Dataset3/0210035011111001_461-rectangle.jpg,1003,1003501,train
Dataset3/0210035011111002_462-rectangle.jpg,1003,1003501,train
Dataset3/0210035011111003_463-rectangle.jpg,1003,1003501,train
Dataset3/0210035011111004_464-rectangle.jpg,1003,1003501,train
Dataset3/0210035011111005_465-rectangle.jpg,1003,1003501,train
Dataset3/0210035011111006_466-rectangle.jpg,1003,1003501,train
Dataset3/0210035011111007_467-rectangle.jpg,1003,1003501,train
Dataset3/0210035011111008_468-rectangle.jpg,1003,1003501,train
Dataset3/0210035011111009_469-rectangle.jpg,1003,1003501,train
Dataset3/0210035011111010_470-rectangle.jpg,1003,1003501,train
Dataset3/0210035021111001_471-rectangle.jpg,1003,1003502,val
Dataset3/0210035021111002_472-rectangle.jpg,1003,1003502,val
Dataset3/0210035021111003_473-rectangle.jpg,1003,1003502,val
Dataset3/0210035021111004_474-rectangle.jpg,1003,1003502,val
Dataset3/0210035021111005_475-rectangle.jpg,1003,1003502,val
Dataset3/0210035021111006_476-rectangle.jpg,1003,1003502,val
Dataset3/0210035021111007_477-rectangle.jpg,1003,1003502,val
Dataset3/0210035021111008_478-rectangle.jpg,1003,1003502,val
Dataset3/0210035021111009_479-rectangle.jpg,1003,1003502,val
Dataset3/0210035021111010_480-rectangle.jpg,1003,1003502,val
Dataset3/0210035041111001_491-rectangle.jpg,1003,1003504,train
Dataset3/0210035041111002_492-rectangle.jpg,1003,1003504,train
Dataset3/0210035041111003_493-rectangle.jpg,1003,1003504,train
Dataset3/0210035041111004_494-rectangle.jpg,1003,1003504,train
Dataset3/0210035041111005_495-rectangle.jpg,1003,1003504,train
Dataset3/0210035041111006_496-rectangle.jpg,1003,1003504,train
Dataset3/0210035041111007_497-rectangle.jpg,1003,1003504,train
Dataset3/0210035041111008_498-rectangle.jpg,1003,1003504,train
Dataset3/0210035041111009_499-rectangle.jpg,1003,1003504,train
Dataset3/0210035041111010_500-rectangle.jpg,1003,1003504,train
Dataset3/0210035051111001_501-rectangle.jpg,1003,1003505,train
Dataset3/0210035051111002_502-rectangle.jpg,1003,1003505,train
Dataset3/0210035051111003_503-rectangle.jpg,1003,1003505,train
Dataset3/0210035051111004_504-rectangle.jpg,1003,1003505,train
Dataset3/0210035051111005_505-rectangle.jpg,1003,1003505,train
Dataset3/0210035051111006_506-rectangle.jpg,1003,1003505,train
Dataset3/0210035051111007_507-rectangle.jpg,1003,1003505,train
Dataset3/0210035051111008_508-rectangle.jpg,1003,1003505,train
Dataset3/0210035051111009_509-rectangle.jpg,1003,1003505,train
Dataset3/0210035051111010_510-rectangle.jpg,1003,1003505,train
Dataset3/0210035061111001_511-rectangle.jpg,1003,1003506,train
Dataset3/0210035061111002_512-rectangle.jpg,1003,1003506,train
Dataset3/0210035061111003_513-rectangle.jpg,1003,1003506,train
Dataset3/0210035061111004_514-rectangle.jpg,1003,1003506,train
Dataset3/0210035061111005_515-rectangle.jpg,1003,1003506,train
Dataset3/0210035061111006_516-rectangle.jpg,1003,1003506,train
Dataset3/0210035061111007_517-rectangle.jpg,1003,1003506,train
Dataset3/0210035061111008_518-rectangle.jpg,1003,1003506,train
Dataset3/0210035061111009_519-rectangle.jpg,1003,1003506,train
Dataset3/0210035061111010_520-rectangle.jpg,1003,1003506,train
Dataset3/0210035071111001_521-rectangle.jpg,1003,1003507,train
Dataset3/0210035071111002_522-rectangle.jpg,1003,1003507,train
Dataset3/0210035071111003_523-rectangle.jpg,1003,1003507,train
Dataset3/0210035071111004_524-rectangle.jpg,1003,1003507,train
Dataset3/0210035071111005_525-rectangle.jpg,1003,1003507,train
Dataset3/0210035071111006_526-rectangle.jpg,1003,1003507,train
Dataset3/0210035071111007_527-rectangle.jpg,1003,1003507,train
Dataset3/0210035071111008_528-rectangle.jpg,1003,1003507,train
Dataset3/0210035071111009_529-rectangle.jpg,1003,1003507,train
Dataset3/0210035071111010_530-rectangle.jpg,1003,1003507,train
Dataset3/0210035081111001_531-rectangle.jpg,1003,1003508,train
Dataset3/0210035081111002_532-rectangle.jpg,1003,1003508,train
Dataset3/0210035081111003_533-rectangle.jpg,1003,1003508,train
Dataset3/0210035081111004_534-rectangle.jpg,1003,1003508,train
Dataset3/0210035081111005_535-rectangle.jpg,1003,1003508,train
Dataset3/0210035081111006_536-rectangle.jpg,1003,1003508,train
Dataset3/0210035081111007_537-rectangle.jpg,1003,1003508,train
Dataset3/0210035081111008_538-rectangle.jpg,1003,1003508,train
Dataset3/0210035081111009_539-rectangle.jpg,1003,1003508,train
Dataset3/0210035081111010_540-rectangle.jpg,1003,1003508,train
Dataset3/0210035091111001_541-rectangle.jpg,1003,1003509,val
Dataset3/0210035091111002_542-rectangle.jpg,1003,1003509,val
Dataset3/0210035091111003_543-rectangle.jpg,1003,1003509,val
Dataset3/0210035091111004_544-rectangle.jpg,1003,1003509,val
Dataset3/0210035091111005_545-rectangle.jpg,1003,1003509,val
Dataset3/0210035091111006_546-rectangle.jpg,1003,1003509,val
Dataset3/0210035091111007_547-rectangle.jpg,1003,1003509,val
Dataset3/0210035091111008_548-rectangle.jpg,1003,1003509,val
Dataset3/0210035091111009_549-rectangle.jpg,1003,1003509,val
Dataset3/0210035091111010_550-rectangle.jpg,1003,1003509,val
Dataset3/0210035111111001_561-rectangle.jpg,1003,1003511,train
Dataset3/0210035111111002_562-rectangle.jpg,1003,1003511,train
Dataset3/0210035111111003_563-rectangle.jpg,1003,1003511,train
Dataset3/0210035111111004_564-rectangle.jpg,1003,1003511,train
Dataset3/0210035111111005_565-rectangle.jpg,1003,1003511,train
Dataset3/0210035111111006_566-rectangle.jpg,1003,1003511,train
Dataset3/0210035111111007_567-rectangle.jpg,1003,1003511,train
Dataset3/0210035111111008_568-rectangle.jpg,1003,1003511,train
Dataset3/0210035111111009_569-rectangle.jpg,1003,1003511,train
Dataset3/0210035111111010_570-rectangle.jpg,1003,1003511,train
Dataset3/0210035121111001_571-rectangle.jpg,1003,1003512,train
Dataset3/0210035121111002_572-rectangle.jpg,1003,1003512,train
Dataset3/0210035121111003_573-rectangle.jpg,1003,1003512,train
Dataset3/0210035121111004_574-rectangle.jpg,1003,1003512,train
Dataset3/0210035121111005_575-rectangle.jpg,1003,1003512,train
Dataset3/0210035121111006_576-rectangle.jpg,1003,1003512,train
Dataset3/0210035121111007_577-rectangle.jpg,1003,1003512,train
Dataset3/0210035121111008_578-rectangle.jpg,1003,1003512,train
Dataset3/0210035121111009_579-rectangle.jpg,1003,1003512,train
Dataset3/0210035121111010_580-rectangle.jpg,1003,1003512,train
Dataset3/0210035141111001_591-rectangle.jpg,1003,1003514,train
Dataset3/0210035141111002_592-rectangle.jpg,1003,1003514,train
Dataset3/0210035141111003_593-rectangle.jpg,1003,1003514,train
Dataset3/0210035141111004_594-rectangle.jpg,1003,1003514,train
Dataset3/0210035141111005_595-rectangle.jpg,1003,1003514,train
Dataset3/0210035141111006_596-rectangle.jpg,1003,1003514,train
Dataset3/0210035141111007_597-rectangle.jpg,1003,1003514,train
Dataset3/0210035141111008_598-rectangle.jpg,1003,1003514,train
Dataset3/0210035141111009_599-rectangle.jpg,1003,1003514,train
Dataset3/0210035141111010_600-rectangle.jpg,1003,1003514,train
Dataset3/0210100481111001_631-rectangle.jpg,1010,1010048,train
Dataset3/0210100481111002_632-rectangle.jpg,1010,1010048,train
Dataset3/0210100481111003_633-rectangle.jpg,1010,1010048,train
Dataset3/0210100481111004_634-rectangle.jpg,1010,1010048,train
Dataset3/0210100481111005_635-rectangle.jpg,1010,1010048,train
Dataset3/0210100481111006_636-rectangle.jpg,1010,1010048,train
Dataset3/0210100481111007_637-rectangle.jpg,1010,1010048,train
Dataset3/0210100481111008_638-rectangle.jpg,1010,1010048,train
Dataset3/0210100481111009_639-rectangle.jpg,1010,1010048,train
Dataset3/0210100481111010_640-rectangle.jpg,1010,1010048,train
Dataset3/0210100491111001_641-rectangle.jpg,1010,1010049,val
Dataset3/0210100491111002_642-rectangle.jpg,1010,1010049,val
Dataset3/0210100491111003_643-rectangle.jpg,1010,1010049,val
Dataset3/0210100491111004_644-rectangle.jpg,1010,1010049,val
Dataset3/0210100491111005_645-rectangle.jpg,1010,1010049,val
Dataset3/0210100491111006_646-rectangle.jpg,1010,1010049,val
Dataset3/0210100491111007_647-rectangle.jpg,1010,1010049,val
Dataset3/0210100491111008_648-rectangle.jpg,1010,1010049,val
Dataset3/0210100491111009_649-rectangle.jpg,1010,1010049,val
Dataset3/0210100491111010_650-rectangle.jpg,1010,1010049,val
Dataset3/0210100511111001_651-rectangle.jpg,1010,1010051,val
Dataset3/0210100511111002_652-rectangle.jpg,1010,1010051,val
Dataset3/0210100511111003_653-rectangle.jpg,1010,1010051,val
Dataset3/0210100511111004_654-rectangle.jpg,1010,1010051,val
Dataset3/0210100511111005_655-rectangle.jpg,1010,1010051,val
Dataset3/0210100511111006_656-rectangle.jpg,1010,1010051,val
Dataset3/0210100511111007_657-rectangle.jpg,1010,1010051,val
Dataset3/0210100511111008_658-rectangle.jpg,1010,1010051,val
Dataset3/0210100511111009_659-rectangle.jpg,1010,1010051,val
Dataset3/0210100511111010_660-rectangle.jpg,1010,1010051,val
Dataset3/0210100591111001_661-rectangle.jpg,1010,1010059,train
Dataset3/0210100591111002_662-rectangle.jpg,1010,1010059,train
Dataset3/0210100591111003_663-rectangle.jpg,1010,1010059,train
Dataset3/0210100591111004_664-rectangle.jpg,1010,1010059,train
Dataset3/0210100591111005_665-rectangle.jpg,1010,1010059,train
Dataset3/0210100591111006_666-rectangle.jpg,1010,1010059,train
Dataset3/0210100591111007_667-rectangle.jpg,1010,1010059,train
Dataset3/0210100591111008_668-rectangle.jpg,1010,1010059,train
Dataset3/0210100591111009_669-rectangle.jpg,1010,1010059,train
Dataset3/0210100591111010_670-rectangle.jpg,1010,1010059,train
Dataset3/0210100621111001_671-rectangle.jpg,1010,1010062,train
Dataset3/0210100621111002_672-rectangle.jpg,1010,1010062,train
Dataset3/0210100621111003_673-rectangle.jpg,1010,1010062,train
Dataset3/0210100621111004_674-rectangle.jpg,1010,1010062,train
Dataset3/0210100621111005_675-rectangle.jpg,1010,1010062,train
Dataset3/0210100621111006_676-rectangle.jpg,1010,1010062,train
Dataset3/0210100621111007_677-rectangle.jpg,1010,1010062,train
Dataset3/0210100621111008_678-rectangle.jpg,1010,1010062,train
Dataset3/0210100621111009_679-rectangle.jpg,1010,1010062,train
Dataset3/0210100621111010_680-rectangle.jpg,1010,1010062,train
Dataset3/0210100711111001_691-rectangle.jpg,1010,1010071,train
Dataset3/0210100711111002_692-rectangle.jpg,1010,1010071,train
Dataset3/0210100711111003_693-rectangle.jpg,1010,1010071,train
Dataset3/0210100711111004_694-rectangle.jpg,1010,1010071,train
Dataset3/0210100711111005_695-rectangle.jpg,1010,1010071,train
Dataset3/0210100711111006_696-rectangle.jpg,1010,1010071,train
Dataset3/0210100711111007_697-rectangle.jpg,1010,1010071,train
Dataset3/0210100711111008_698-rectangle.jpg,1010,1010071,train
Dataset3/0210100711111009_699-rectangle.jpg,1010,1010071,train
Dataset3/0210100711111010_700-rectangle.jpg,1010,1010071,train
Dataset3/0210100721111001_701-rectangle.jpg,1010,1010072,train
Dataset3/0210100721111002_702-rectangle.jpg,1010,1010072,train
Dataset3/0210100721111003_703-rectangle.jpg,1010,1010072,train
Dataset3/0210100721111004_704-rectangle.jpg,1010,1010072,train
Dataset3/0210100721111005_705-rectangle.jpg,1010,1010072,train
Dataset3/0210100721111006_706-rectangle.jpg,1010,1010072,train
Dataset3/0210100721111007_707-rectangle.jpg,1010,1010072,train
Dataset3/0210100721111008_708-rectangle.jpg,1010,1010072,train
Dataset3/0210100721111009_709-rectangle.jpg,1010,1010072,train
Dataset3/0210100721111010_710-rectangle.jpg,1010,1010072,train
Dataset3/0210100751111001_711-rectangle.jpg,1010,1010075,train
Dataset3/0210100751111002_712-rectangle.jpg,1010,1010075,train
Dataset3/0210100751111003_713-rectangle.jpg,1010,1010075,train
Dataset3/0210100751111004_714-rectangle.jpg,1010,1010075,train
Dataset3/0210100751111005_715-rectangle.jpg,1010,1010075,train
Dataset3/0210100751111006_716-rectangle.jpg,1010,1010075,train
Dataset3/0210100751111007_717-rectangle.jpg,1010,1010075,train
Dataset3/0210100751111008_718-rectangle.jpg,1010,1010075,train
Dataset3/0210100751111009_719-rectangle.jpg,1010,1010075,train
Dataset3/0210100751111010_720-rectangle.jpg,1010,1010075,train
Dataset3/0210100841111001_721-rectangle.jpg,1010,1010084,val
Dataset3/0210100841111002_722-rectangle.jpg,1010,1010084,val
Dataset3/0210100841111003_723-rectangle.jpg,1010,1010084,val
Dataset3/0210100841111004_724-rectangle.jpg,1010,1010084,val
Dataset3/0210100841111005_725-rectangle.jpg,1010,1010084,val
Dataset3/0210100841111006_726-rectangle.jpg,1010,1010084,val
Dataset3/0210100841111007_727-rectangle.jpg,1010,1010084,val
Dataset3/0210100841111008_728-rectangle.jpg,1010,1010084,val
Dataset3/0210100841111009_729-rectangle.jpg,1010,1010084,val
Dataset3/0210100841111010_730-rectangle.jpg,1010,1010084,val
Dataset3/0210100861111001_731-rectangle.jpg,1010,1010086,train
Dataset3/0210100861111002_732-rectangle.jpg,1010,1010086,train
Dataset3/0210100861111003_733-rectangle.jpg,1010,1010086,train
Dataset3/0210100861111004_734-rectangle.jpg,1010,1010086,train
Dataset3/0210100861111005_735-rectangle.jpg,1010,1010086,train
Dataset3/0210100861111006_736-rectangle.jpg,1010,1010086,train
Dataset3/0210100861111007_737-rectangle.jpg,1010,1010086,train
Dataset3/0210100861111008_738-rectangle.jpg,1010,1010086,train
Dataset3/0210100861111009_739-rectangle.jpg,1010,1010086,train
Dataset3/0210100861111010_740-rectangle.jpg,1010,1010086,train
Dataset3/0210105001111001_753-rectangle.jpg,1010,1010500,val
Dataset3/0210105001111002_754-rectangle.jpg,1010,1010500,val
Dataset3/0210105001111003_755-rectangle.jpg,1010,1010500,val
Dataset3/0210105001111004_756-rectangle.jpg,1010,1010500,val
Dataset3/0210105001111005_757-rectangle.jpg,1010,1010500,val
Dataset3/0210105001111006_758-rectangle.jpg,1010,1010500,val
Dataset3/0210105001111007_759-rectangle.jpg,1010,1010500,val
Dataset3/0210105001111008_760-rectangle.jpg,1010,1010500,val
Dataset3/0210105001111009_761-rectangle.jpg,1010,1010500,val
Dataset3/0210105001111010_762-rectangle.jpg,1010,1010500,val
Dataset3/0210105021111001_773-rectangle.jpg,1010,1010502,train
Dataset3/0210105021111002_774-rectangle.jpg,1010,1010502,train
Dataset3/0210105021111003_775-rectangle.jpg,1010,1010502,train
Dataset3/0210105021111004_776-rectangle.jpg,1010,1010502,train
Dataset3/0210105021111005_777-rectangle.jpg,1010,1010502,train
Dataset3/0210105021111006_778-rectangle.jpg,1010,1010502,train
Dataset3/0210105021111007_779-rectangle.jpg,1010,1010502,train
Dataset3/0210105021111008_780-rectangle.jpg,1010,1010502,train
Dataset3/0210105021111009_781-rectangle.jpg,1010,1010502,train
Dataset3/0210105021111010_782-rectangle.jpg,1010,1010502,train
Dataset3/0210105041111001_793-rectangle.jpg,1010,1010504,train
Dataset3/0210105041111002_794-rectangle.jpg,1010,1010504,train
Dataset3/0210105041111003_795-rectangle.jpg,1010,1010504,train
Dataset3/0210105041111004_796-rectangle.jpg,1010,1010504,train
Dataset3/0210105041111005_797-rectangle.jpg,1010,1010504,train
Dataset3/0210105041111006_798-rectangle.jpg,1010,1010504,train
Dataset3/0210105041111007_799-rectangle.jpg,1010,1010504,train
Dataset3/0210105041111008_800-rectangle.jpg,1010,1010504,train
Dataset3/0210105041111009_801-rectangle.jpg,1010,1010504,train
Dataset3/0210105041111010_802-rectangle.jpg,1010,1010504,train
Dataset3/0210105051111001_803-rectangle.jpg,1010,1010505,train
Dataset3/0210105051111002_804-rectangle.jpg,1010,1010505,train
Dataset3/0210105051111003_805-rectangle.jpg,1010,1010505,train
Dataset3/0210105051111004_806-rectangle.jpg,1010,1010505,train
Dataset3/0210105051111005_807-rectangle.jpg,1010,1010505,train
Dataset3/0210105051111006_808-rectangle.jpg,1010,1010505,train
Dataset3/0210105051111007_809-rectangle.jpg,1010,1010505,train
Dataset3/0210105051111008_810-rectangle.jpg,1010,1010505,train
Dataset3/0210105051111009_811-rectangle.jpg,1010,1010505,train
Dataset3/0210105051111010_812-rectangle.jpg,1010,1010505,train
Dataset3/0210105061111001_813-rectangle.jpg,1010,1010506,train
Dataset3/0210105061111002_814-rectangle.jpg,1010,1010506,train
Dataset3/0210105061111003_815-rectangle.jpg,1010,1010506,train
Dataset3/0210105061111004_816-rectangle.jpg,1010,1010506,train
Dataset3/0210105061111005_817-rectangle.jpg,1010,1010506,train
Dataset3/0210105061111006_818-rectangle.jpg,1010,1010506,train
Dataset3/0210105061111007_819-rectangle.jpg,1010,1010506,train
Dataset3/0210105061111008_820-rectangle.jpg,1010,1010506,train
Dataset3/0210105061111009_821-rectangle.jpg,1010,1010506,train
Dataset3/0210105061111010_822-rectangle.jpg,1010,1010506,train
Dataset3/0210105091111001_843-rectangle.jpg,1010,1010509,train
Dataset3/0210105091111002_844-rectangle.jpg,1010,1010509,train
Dataset3/0210105091111003_846-rectangle.jpg,1010,1010509,train
Dataset3/0210105091111004_847-rectangle.jpg,1010,1010509,train
Dataset3/0210105091111005_848-rectangle.jpg,1010,1010509,train
Dataset3/0210105091111006_849-rectangle.jpg,1010,1010509,train
Dataset3/0210105091111007_850-rectangle.jpg,1010,1010509,train
Dataset3/0210105091111008_851-rectangle.jpg,1010,1010509,train
Dataset3/0210105091111009_852-rectangle.jpg,1010,1010509,train
Dataset3/0210105091111010_853-rectangle.jpg,1010,1010509,train
Dataset3/0210105121111001_874-rectangle.jpg,1010,1010512,train
Dataset3/0210105121111002_875-rectangle.jpg,1010,1010512,train
Dataset3/0210105121111003_876-rectangle.jpg,1010,1010512,train
Dataset3/0210105121111004_877-rectangle.jpg,1010,1010512,train
Dataset3/0210105121111005_878-rectangle.jpg,1010,1010512,train
Dataset3/0210105121111006_879-rectangle.jpg,1010,1010512,train
Dataset3/0210105121111007_880-rectangle.jpg,1010,1010512,train
Dataset3/0210105121111008_881-rectangle.jpg,1010,1010512,train
Dataset3/0210105121111009_882-rectangle.jpg,1010,1010512,train
Dataset3/0210105121111010_883-rectangle.jpg,1010,1010512,train
Dataset3/0210105131111001_884-rectangle.jpg,1010,1010513,train
Dataset3/0210105131111002_885-rectangle.jpg,1010,1010513,train
Dataset3/0210105131111003_886-rectangle.jpg,1010,1010513,train
Dataset3/0210105131111004_887-rectangle.jpg,1010,1010513,train
Dataset3/0210105131111005_888-rectangle.jpg,1010,1010513,train
Dataset3/0210105131111006_889-rectangle.jpg,1010,1010513,train
Dataset3/0210105131111007_890-rectangle.jpg,1010,1010513,train
Dataset3/0210105131111008_891-rectangle.jpg,1010,1010513,train
Dataset3/0210105131111009_892-rectangle.jpg,1010,1010513,train
Dataset3/0210105131111010_893-rectangle.jpg,1010,1010513,train
Dataset3/0210110681111001_934-rectangle.jpg,1011,1011068,train
Dataset3/0210110681111002_935-rectangle.jpg,1011,1011068,train
Dataset3/0210110681111003_936-rectangle.jpg,1011,1011068,train
Dataset3/0210110681111004_937-rectangle.jpg,1011,1011068,train
Dataset3/0210110681111005_938-rectangle.jpg,1011,1011068,train
Dataset3/0210110681111006_939-rectangle.jpg,1011,1011068,train
Dataset3/0210110681111007_940-rectangle.jpg,1011,1011068,train
Dataset3/0210110681111008_941-rectangle.jpg,1011,1011068,train
Dataset3/0210110681111009_942-rectangle.jpg,1011,1011068,train
Dataset3/0210110681111010_943-rectangle.jpg,1011,1011068,train
Dataset3/0210110711111001_944-rectangle.jpg,1011,1011071,train
Dataset3/0210110711111002_945-rectangle.jpg,1011,1011071,train
Dataset3/0210110711111003_946-rectangle.jpg,1011,1011071,train
Dataset3/0210110711111004_947-rectangle.jpg,1011,1011071,train
Dataset3/0210110711111005_948-rectangle.jpg,1011,1011071,train
Dataset3/0210110711111006_949-rectangle.jpg,1011,1011071,train
Dataset3/0210110711111007_950-rectangle.jpg,1011,1011071,train
Dataset3/0210110711111008_951-rectangle.jpg,1011,1011071,train
Dataset3/0210110711111009_952-rectangle.jpg,1011,1011071,train
Dataset3/0210110711111010_953-rectangle.jpg,1011,1011071,train
Dataset3/0210110861111001_964-rectangle.jpg,1011,1011086,train
Dataset3/0210110861111002_965-rectangle.jpg,1011,1011086,train
Dataset3/0210110861111003_966-rectangle.jpg,1011,1011086,train
Dataset3/0210110861111004_967-rectangle.jpg,1011,1011086,train
Dataset3/0210110861111005_968-rectangle.jpg,1011,1011086,train
Dataset3/0210110861111006_969-rectangle.jpg,1011,1011086,train
Dataset3/0210110861111007_970-rectangle.jpg,1011,1011086,train
Dataset3/0210110861111008_971-rectangle.jpg,1011,1011086,train
Dataset3/0210110861111009_972-rectangle.jpg,1011,1011086,train
Dataset3/0210110861111010_973-rectangle.jpg,1011,1011086,train
Dataset3/0210110911111001_984-rectangle.jpg,1011,1011091,train
Dataset3/0210110911111002_985-rectangle.jpg,1011,1011091,train
Dataset3/0210110911111003_986-rectangle.jpg,1011,1011091,train
Dataset3/0210110911111004_987-rectangle.jpg,1011,1011091,train
Dataset3/0210110911111005_988-rectangle.jpg,1011,1011091,train
Dataset3/0210110911111006_989-rectangle.jpg,1011,1011091,train
Dataset3/0210110911111007_990-rectangle.jpg,1011,1011091,train
Dataset3/0210110911111008_991-rectangle.jpg,1011,1011091,train
Dataset3/0210110911111009_992-rectangle.jpg,1011,1011091,train
Dataset3/0210110911111010_993-rectangle.jpg,1011,1011091,train
Dataset3/0210110941111001_994-rectangle.jpg,1011,1011094,val
Dataset3/0210110941111002_995-rectangle.jpg,1011,1011094,val
Dataset3/0210110941111003_996-rectangle.jpg,1011,1011094,val
Dataset3/0210110941111004_997-rectangle.jpg,1011,1011094,val
Dataset3/0210110941111005_998-rectangle.jpg,1011,1011094,val
Dataset3/0210110941111006_999-rectangle.jpg,1011,1011094,val
Dataset3/0210110941111007_1000-rectangle.jpg,1011,1011094,val
Dataset3/0210110941111008_1001-rectangle.jpg,1011,1011094,val
Dataset3/0210110941111009_1002-rectangle.jpg,1011,1011094,val
Dataset3/0210110941111010_1003-rectangle.jpg,1011,1011094,val
Dataset3/0210110961111001_1004-rectangle.jpg,1011,1011096,train
Dataset3/0210110961111002_1005-rectangle.jpg,1011,1011096,train
Dataset3/0210110961111003_1006-rectangle.jpg,1011,1011096,train
Dataset3/0210110961111004_1007-rectangle.jpg,1011,1011096,train
Dataset3/0210110961111005_1008-rectangle.jpg,1011,1011096,train
Dataset3/0210110961111006_1009-rectangle.jpg,1011,1011096,train
Dataset3/0210110961111007_1010-rectangle.jpg,1011,1011096,train
Dataset3/0210110961111008_1011-rectangle.jpg,1011,1011096,train
Dataset3/0210110961111009_1012-rectangle.jpg,1011,1011096,train
Dataset3/0210110961111010_1013-rectangle.jpg,1011,1011096,train
Dataset3/0210110991111001_1024-rectangle.jpg,1011,1011099,train
Dataset3/0210110991111002_1025-rectangle.jpg,1011,1011099,train
Dataset3/0210110991111003_1026-rectangle.jpg,1011,1011099,train
Dataset3/0210110991111004_1027-rectangle.jpg,1011,1011099,train
Dataset3/0210110991111005_1028-rectangle.jpg,1011,1011099,train
Dataset3/0210110991111006_1029-rectangle.jpg,1011,1011099,train
Dataset3/0210110991111007_1030-rectangle.jpg,1011,1011099,train
Dataset3/0210110991111008_1031-rectangle.jpg,1011,1011099,train
Dataset3/0210110991111009_1032-rectangle.jpg,1011,1011099,train
Dataset3/0210110991111010_1033-rectangle.jpg,1011,1011099,train
Dataset3/0210111081111001_1044-rectangle.jpg,1011,1011108,train
Dataset3/0210111081111002_1045-rectangle.jpg,1011,1011108,train
Dataset3/0210111081111003_1046-rectangle.jpg,1011,1011108,train
Dataset3/0210111081111004_1047-rectangle.jpg,1011,1011108,train
Dataset3/0210111081111005_1048-rectangle.jpg,1011,1011108,train
Dataset3/0210111081111006_1049-rectangle.jpg,1011,1011108,train
Dataset3/0210111081111007_1050-rectangle.jpg,1011,1011108,train
Dataset3/0210111081111008_1051-rectangle.jpg,1011,1011108,train
Dataset3/0210111081111009_1052-rectangle.jpg,1011,1011108,train
Dataset3/0210111081111010_1053-rectangle.jpg,1011,1011108,train
Dataset3/0210115001111001_1054-rectangle.jpg,1011,1011500,train
Dataset3/0210115001111002_1055-rectangle.jpg,1011,1011500,train
Dataset3/0210115001111003_1056-rectangle.jpg,1011,1011500,train
Dataset3/0210115001111004_1057-rectangle.jpg,1011,1011500,train
Dataset3/0210115001111005_1058-rectangle.jpg,1011,1011500,train
Dataset3/0210115001111006_1059-rectangle.jpg,1011,1011500,train
Dataset3/0210115001111007_1060-rectangle.jpg,1011,1011500,train
Dataset3/0210115001111008_1061-rectangle.jpg,1011,1011500,train
Dataset3/0210115001111009_1062-rectangle.jpg,1011,1011500,train
Dataset3/0210115001111010_1063-rectangle.jpg,1011,1011500,train
Dataset3/0210115021111001_1074-rectangle.jpg,1011,1011502,train
Dataset3/0210115021111002_1075-rectangle.jpg,1011,1011502,train
Dataset3/0210115021111003_1076-rectangle.jpg,1011,1011502,train
Dataset3/0210115021111004_1077-rectangle.jpg,1011,1011502,train
Dataset3/0210115021111005_1078-rectangle.jpg,1011,1011502,train
Dataset3/0210115021111006_1079-rectangle.jpg,1011,1011502,train
Dataset3/0210115021111007_1080-rectangle.jpg,1011,1011502,train
Dataset3/0210115021111008_1081-rectangle.jpg,1011,1011502,train
Dataset3/0210115021111009_1082-rectangle.jpg,1011,1011502,train
Dataset3/0210115021111010_1083-rectangle.jpg,1011,1011502,train
Dataset3/0210115031111001_1084-rectangle.jpg,1011,1011503,train
Dataset3/0210115031111002_1085-rectangle.jpg,1011,1011503,train
Dataset3/0210115031111003_1086-rectangle.jpg,1011,1011503,train
Dataset3/0210115031111004_1087-rectangle.jpg,1011,1011503,train
Dataset3/0210115031111005_1088-rectangle.jpg,1011,1011503,train
Dataset3/0210115031111006_1089-rectangle.jpg,1011,1011503,train
Dataset3/0210115031111007_1090-rectangle.jpg,1011,1011503,train
Dataset3/0210115031111008_1091-rectangle.jpg,1011,1011503,train
Dataset3/0210115031111009_1092-rectangle.jpg,1011,1011503,train
Dataset3/0210115031111010_1093-rectangle.jpg,1011,1011503,train
Dataset3/0210115041111001_1094-rectangle.jpg,1011,1011504,train
Dataset3/0210115041111002_1095-rectangle.jpg,1011,1011504,train
Dataset3/0210115041111003_1096-rectangle.jpg,1011,1011504,train
Dataset3/0210115041111004_1097-rectangle.jpg,1011,1011504,train
Dataset3/0210115041111005_1098-rectangle.jpg,1011,1011504,train
Dataset3/0210115041111006_1099-rectangle.jpg,1011,1011504,train
Dataset3/0210115041111007_1100-rectangle.jpg,1011,1011504,train
Dataset3/0210115041111008_1101-rectangle.jpg,1011,1011504,train
Dataset3/0210115041111009_1102-rectangle.jpg,1011,1011504,train
Dataset3/0210115041111010_1103-rectangle.jpg,1011,1011504,train
Dataset3/0210115051111001_1104-rectangle.jpg,1011,1011505,train
Dataset3/0210115051111002_1105-rectangle.jpg,1011,1011505,train
Dataset3/0210115051111003_1106-rectangle.jpg,1011,1011505,train
Dataset3/0210115051111004_1107-rectangle.jpg,1011,1011505,train
Dataset3/0210115051111005_1108-rectangle.jpg,1011,1011505,train
Dataset3/0210115051111006_1109-rectangle.jpg,1011,1011505,train
Dataset3/0210115051111007_1110-rectangle.jpg,1011,1011505,train
Dataset3/0210115051111008_1111-rectangle.jpg,1011,1011505,train
Dataset3/0210115051111009_1112-rectangle.jpg,1011,1011505,train
Dataset3/0210115051111010_1113-rectangle.jpg,1011,1011505,train
Dataset3/0210115061111001_1114-rectangle.jpg,1011,1011506,val
Dataset3/0210115061111002_1115-rectangle.jpg,1011,1011506,val
Dataset3/0210115061111003_1116-rectangle.jpg,1011,1011506,val
Dataset3/0210115061111004_1117-rectangle.jpg,1011,1011506,val
Dataset3/0210115061111005_1118-rectangle.jpg,1011,1011506,val
Dataset3/0210115061111006_1119-rectangle.jpg,1011,1011506,val
Dataset3/0210115061111007_1120-rectangle.jpg,1011,1011506,val
Dataset3/0210115061111008_1121-rectangle.jpg,1011,1011506,val
Dataset3/0210115061111009_1122-rectangle.jpg,1011,1011506,val
Dataset3/0210115061111010_1123-rectangle.jpg,1011,1011506,val
Dataset3/0210115101111001_1154-rectangle.jpg,1011,1011510,val
Dataset3/0210115101111002_1155-rectangle.jpg,1011,1011510,val
Dataset3/0210115101111003_1156-rectangle.jpg,1011,1011510,val
Dataset3/0210115101111004_1157-rectangle.jpg,1011,1011510,val
Dataset3/0210115101111005_1158-rectangle.jpg,1011,1011510,val
Dataset3/0210115101111006_1159-rectangle.jpg,1011,1011510,val
Dataset3/0210115101111007_1160-rectangle.jpg,1011,1011510,val
Dataset3/0210115101111008_1161-rectangle.jpg,1011,1011510,val
Dataset3/0210115101111009_1162-rectangle.jpg,1011,1011510,val
Dataset3/0210115101111010_1163-rectangle.jpg,1011,1011510,val
Dataset3/0210115111111001_1164-rectangle.jpg,1011,1011511,train
Dataset3/0210115111111002_1165-rectangle.jpg,1011,1011511,train
Dataset3/0210115111111003_1166-rectangle.jpg,1011,1011511,train
Dataset3/0210115111111004_1167-rectangle.jpg,1011,1011511,train
Dataset3/0210115111111005_1168-rectangle.jpg,1011,1011511,train
Dataset3/0210115111111006_1169-rectangle.jpg,1011,1011511,train
Dataset3/0210115111111007_1170-rectangle.jpg,1011,1011511,train
Dataset3/0210115111111008_1171-rectangle.jpg,1011,1011511,train
Dataset3/0210115111111009_1172-rectangle.jpg,1011,1011511,train
Dataset3/0210115111111010_1173-rectangle.jpg,1011,1011511,train
Dataset3/0210115121111001_1174-rectangle.jpg,1011,1011512,val
Dataset3/0210115121111002_1175-rectangle.jpg,1011,1011512,val
Dataset3/0210115121111003_1176-rectangle.jpg,1011,1011512,val
Dataset3/0210115121111004_1177-rectangle.jpg,1011,1011512,val
Dataset3/0210115121111005_1178-rectangle.jpg,1011,1011512,val
Dataset3/0210115121111006_1179-rectangle.jpg,1011,1011512,val
Dataset3/0210115121111007_1180-rectangle.jpg,1011,1011512,val
Dataset3/0210115121111008_1181-rectangle.jpg,1011,1011512,val
Dataset3/0210115121111009_1182-rectangle.jpg,1011,1011512,val
Dataset3/0210115121111010_1183-rectangle.jpg,1011,1011512,val
Dataset3/0210115131111001_1184-rectangle.jpg,1011,1011513,train
Dataset3/0210115131111002_1185-rectangle.jpg,1011,1011513,train
Dataset3/0210115131111003_1186-rectangle.jpg,1011,1011513,train
Dataset3/0210115131111004_1187-rectangle.jpg,1011,1011513,train
Dataset3/0210115131111005_1188-rectangle.jpg,1011,1011513,train
Dataset3/0210115131111006_1189-rectangle.jpg,1011,1011513,train
Dataset3/0210115131111007_1190-rectangle.jpg,1011,1011513,train
Dataset3/0210115131111008_1191-rectangle.jpg,1011,1011513,train
Dataset3/0210115131111009_1192-rectangle.jpg,1011,1011513,train
Dataset3/0210115131111010_1193-rectangle.jpg,1011,1011513,train
